{"id":3,"pathName":"CST>003","origin":[45.40321659208022,-75.6817674636841],"destination":[45.389776378425,-75.70137977600099],"data":[[45.40321659208022,-75.6817674636841],[45.40152920711163,-75.68017959594728],[45.39914870333487,-75.68035125732423],[45.39706944709394,-75.68249702453615],[45.39640647974211,-75.68683147430421],[45.395291471654815,-75.68970680236816],[45.394236714026036,-75.69283962249756],[45.394357258751405,-75.69631576538086],[45.39495997852138,-75.6997060775757],[45.3967680992619,-75.70210933685304],[45.397642003547425,-75.70459842681886],[45.39631607450059,-75.70657253265382],[45.394839435081636,-75.70438385009767],[45.39381480546231,-75.70253849029542],[45.393423030404165,-75.70472717285158],[45.39254906087213,-75.70262432098389],[45.391644940237214,-75.70137977600099],[45.39065039083338,-75.70146560668947],[45.389776378425,-75.70137977600099]],"climbRate":0,"cruiseALT":0,"cruiseSPD":0,"distance":"4036","duration":14}