{"id":4,"pathName":"CST>004","origin":[45.40248025059627,-75.68773269653322],"destination":[45.37077268621948,-75.69271087646486],"data":[[45.40248025059627,-75.68773269653322],[45.3883768002344,-75.70695877075197],[45.37873138918913,-75.69356918334962],[45.38271032065004,-75.65649032592775],[45.40645751045886,-75.64258575439453],[45.38825624275296,-75.6288528442383],[45.3740286546323,-75.62061309814453],[45.372099214496764,-75.65717697143556],[45.37077268621948,-75.69271087646486]],"climbRate":0,"cruiseALT":0,"cruiseSPD":0,"distance":"19096","duration":22}