{"id":1,"pathName":"YND>YOW","origin":[45.521389,-75.564167],"destination":[45.3225,-75.669167],"data":[[45.521389,-75.564167],[45.3225,-75.669167]],"climbRate":2,"cruiseALT":82,"cruiseSPD":11.5,"distance":"23585","duration":4}