{"id":2,"pathName":"YOW>YYZ","origin":[45.3225,-75.669167],"destination":[43.676667,-79.630556],"data":[[45.3225,-75.669167],[43.676667,-79.630556]],"climbRate":3,"cruiseALT":50,"cruiseSPD":20,"distance":"363531","duration":8}