{"id":0,"pathName":"RAY>LEE","origin":[45.4041285310935,-75.71102868152072],"destination":[45.414029442859935,-75.67247276512195],"data":[[45.4041285310935,-75.71102868152072],[45.414029442859935,-75.67247276512195]],"climbRate":4,"cruiseALT":70,"cruiseSPD":15,"distance":"3205","duration":2}