{"id":3,"pathName":"CST>003","origin":[45.42076730305626,-75.7775115966797],"destination":[45.418236993115755,-75.71846008300783],"data":[[45.42076730305626,-75.7775115966797],[45.403534854354646,-75.80154418945314],[45.38509151690159,-75.74249267578126],[45.418236993115755,-75.71846008300783]],"climbRate":0,"cruiseALT":0,"cruiseSPD":0,"distance":"11864","duration":14}