{"id":3,"pathName":"CST>003","origin":[45.44028302551817,-75.71519851684572],"destination":[45.44004213181281,-75.68069458007814],"data":[[45.44028302551817,-75.71519851684572],[45.43522404172208,-75.73305130004884],[45.428718967518925,-75.7090187072754],[45.44004213181281,-75.68069458007814]],"climbRate":0,"cruiseALT":0,"cruiseSPD":0,"distance":"6056","duration":14}